{"timestamps": [1627249286.694145, 1627249308.584949, 1627249320.064583, 1627249345.533731, 1627249362.822749, 1627249379.698084], "initial_reset_timestamp": 1627249281.149068, "episode_types": ["t", "t", "t", "t", "t", "t", "t"], "episode_lengths": [217, 927, 153, 808, 179, 111], "episode_rewards": [68.0, 726.0, 108.0, 1635.0, 458.0, -90.0]}